{"cameraMode":{"drawMode":0,"name":"Shaded","section":"Shading Mode"},"sceneLighting":false,"audioPlay":false,"sceneViewState":{"m_AlwaysRefresh":false,"showFog":true,"showSkybox":false,"showFlares":true,"showImageEffects":true,"showParticleSystems":true,"showVisualEffectGraphs":true,"m_FxEnabled":true},"in2DMode":false,"pivot":{"x":0.16375267505645753,"y":0.2339402437210083,"z":-1.145153284072876},"rotation":{"x":-0.032259028404951099,"y":-0.9199501872062683,"z":0.07745330780744553,"w":-0.3829861283302307},"size":1.8339745998382569,"orthographic":false}