{"cameraMode":{"drawMode":0,"name":"Shaded","section":"Shading Mode"},"sceneLighting":false,"audioPlay":false,"sceneViewState":{"m_AlwaysRefresh":false,"showFog":true,"showSkybox":false,"showFlares":true,"showImageEffects":true,"showParticleSystems":true,"showVisualEffectGraphs":true,"m_FxEnabled":true},"in2DMode":false,"pivot":{"x":-1.7667360305786133,"y":3.067183494567871,"z":-4.062422752380371},"rotation":{"x":0.06423202157020569,"y":-0.22641095519065858,"z":0.01496488880366087,"w":0.9717980027198792},"size":2.3724539279937746,"orthographic":false}