{"cameraMode":{"drawMode":0,"name":"Shaded","section":"Shading Mode"},"sceneLighting":false,"audioPlay":false,"sceneViewState":{"m_AlwaysRefresh":false,"showFog":true,"showSkybox":false,"showFlares":true,"showImageEffects":true,"showParticleSystems":true,"showVisualEffectGraphs":true,"m_FxEnabled":true},"in2DMode":false,"pivot":{"x":-10.652122497558594,"y":2.569612741470337,"z":3.5354247093200685},"rotation":{"x":-0.009420122019946576,"y":-0.44196245074272158,"z":0.004637629725039005,"w":-0.8969833254814148},"size":1.495285987854004,"orthographic":false}