{"cameraMode":{"drawMode":0,"name":"Shaded","section":"Shading Mode"},"sceneLighting":false,"audioPlay":false,"sceneViewState":{"m_AlwaysRefresh":false,"showFog":true,"showSkybox":false,"showFlares":true,"showImageEffects":true,"showParticleSystems":true,"showVisualEffectGraphs":true,"m_FxEnabled":true},"in2DMode":false,"pivot":{"x":1.605743169784546,"y":-0.0030161142349243166,"z":0.9199466109275818},"rotation":{"x":-0.09620780497789383,"y":-0.6486618518829346,"z":0.08314427733421326,"w":-0.7503976821899414},"size":4.998728275299072,"orthographic":false}