{"cameraMode":{"drawMode":0,"name":"Shaded","section":"Shading Mode"},"sceneLighting":false,"audioPlay":false,"sceneViewState":{"m_AlwaysRefresh":false,"showFog":true,"showSkybox":false,"showFlares":true,"showImageEffects":true,"showParticleSystems":true,"showVisualEffectGraphs":true,"m_FxEnabled":true},"in2DMode":false,"pivot":{"x":-10.637970924377442,"y":5.1199445724487309,"z":-3.0544257164001467},"rotation":{"x":-0.09552638232707977,"y":0.5708187222480774,"z":-0.06709223240613938,"w":-0.8127356171607971},"size":3.4689550399780275,"orthographic":true}