{"cameraMode":{"drawMode":0,"name":"Shaded","section":"Shading Mode"},"sceneLighting":false,"audioPlay":false,"sceneViewState":{"m_AlwaysRefresh":false,"showFog":true,"showSkybox":false,"showFlares":true,"showImageEffects":true,"showParticleSystems":true,"showVisualEffectGraphs":true,"m_FxEnabled":true},"in2DMode":false,"pivot":{"x":-1.146514892578125,"y":0.07041358947753906,"z":-0.9670443534851074},"rotation":{"x":-0.023367537185549737,"y":-0.9527758955955505,"z":0.075902059674263,"w":-0.29315119981765749},"size":3.6646645069122316,"orthographic":false}